timeStamp,elapsed,label,responseCode,responseMessage,threadName,success,bytes,grpThreads,allThreads,Latency,Hostname,Connect,RunID
1777063424582,249,GET_All_Posts,200,OK,Scenario_Posts_Comments 1-1,true,28741,5,5,240,runnervmeorf1,218,205
1777063425943,40,GET_All_Posts,200,OK,Scenario_Posts_Comments 1-2,true,28741,7,7,36,runnervmeorf1,23,205
1777063426166,42,GET_All_Posts,200,OK,Scenario_Posts_Comments 1-3,true,28750,8,8,40,runnervmeorf1,19,205
1777063426968,15,GET_Single_Post,200,OK,Scenario_Posts_Comments 1-1,true,1518,9,9,15,runnervmeorf1,0,205
1777063426980,36,GET_All_Posts,200,OK,Scenario_Posts_Comments 1-4,true,28741,10,10,34,runnervmeorf1,20,205
1777063427109,69,GET_All_Posts,200,OK,Scenario_Posts_Comments 1-5,true,28742,10,10,67,runnervmeorf1,18,205
1777063427580,33,GET_All_Posts,200,OK,Scenario_Posts_Comments 1-7,true,28742,10,10,32,runnervmeorf1,14,205
1777063427796,28,GET_All_Posts,200,OK,Scenario_Posts_Comments 1-6,true,28741,10,10,27,runnervmeorf1,14,205
1777063428073,29,GET_All_Posts,200,OK,Scenario_Posts_Comments 1-8,true,28741,10,10,27,runnervmeorf1,15,205
1777063428096,11,GET_Single_Post,200,OK,Scenario_Posts_Comments 1-2,true,1518,10,10,11,runnervmeorf1,0,205
1777063429005,46,GET_Single_Post,200,OK,Scenario_Posts_Comments 1-3,true,1519,10,10,46,runnervmeorf1,0,205
1777063429099,31,GET_All_Posts,200,OK,Scenario_Posts_Comments 1-9,true,28741,10,10,29,runnervmeorf1,15,205
1777063429162,27,GET_All_Posts,200,OK,Scenario_Posts_Comments 1-10,true,28741,10,10,25,runnervmeorf1,15,205
1777063429556,28,GET_Single_Post,200,OK,Scenario_Posts_Comments 1-4,true,1519,10,10,28,runnervmeorf1,0,205
1777063429714,35,POST_Create_Comment,200,OK,Scenario_Posts_Comments 1-1,true,158981,10,10,28,runnervmeorf1,0,205
1777063429874,9,GET_Single_Post,200,OK,Scenario_Posts_Comments 1-5,true,1518,10,10,9,runnervmeorf1,0,205
1777063430193,23,GET_Single_Post,200,OK,Scenario_Posts_Comments 1-7,true,1518,10,10,23,runnervmeorf1,0,205
1777063430688,16,GET_Single_Post,200,OK,Scenario_Posts_Comments 1-6,true,1519,10,10,16,runnervmeorf1,0,205
1777063430801,11,GET_Single_Post,200,OK,Scenario_Posts_Comments 1-8,true,1518,10,10,11,runnervmeorf1,0,205
1777063431052,19,POST_Create_Comment,200,OK,Scenario_Posts_Comments 1-2,true,158980,10,10,15,runnervmeorf1,0,205
1777063431062,55,POST_Create_Comment,200,OK,Scenario_Posts_Comments 1-3,true,158981,10,10,48,runnervmeorf1,0,205
1777063431655,11,GET_Single_Post,200,OK,Scenario_Posts_Comments 1-9,true,1518,10,10,10,runnervmeorf1,0,205
1777063431690,12,GET_Single_Post,200,OK,Scenario_Posts_Comments 1-10,true,1518,10,10,12,runnervmeorf1,0,205
1777063431872,22,POST_Create_Comment,200,OK,Scenario_Posts_Comments 1-4,true,158980,10,10,17,runnervmeorf1,0,205
1777063432502,21,POST_Create_Comment,200,OK,Scenario_Posts_Comments 1-7,true,158980,10,10,16,runnervmeorf1,0,205
1777063432663,15,GET_All_Posts,200,OK,Scenario_Posts_Comments 1-1,true,28741,10,10,14,runnervmeorf1,0,205
1777063432837,16,POST_Create_Comment,200,OK,Scenario_Posts_Comments 1-5,true,158980,10,10,11,runnervmeorf1,0,205
1777063433141,13,GET_All_Posts,200,OK,Scenario_Posts_Comments 1-2,true,28741,10,10,12,runnervmeorf1,0,205
1777063433286,22,POST_Create_Comment,200,OK,Scenario_Posts_Comments 1-6,true,158980,10,10,18,runnervmeorf1,0,205
1777063433351,22,POST_Create_Comment,200,OK,Scenario_Posts_Comments 1-8,true,158981,10,10,18,runnervmeorf1,0,205
1777063433750,19,GET_All_Posts,200,OK,Scenario_Posts_Comments 1-3,true,28741,10,10,18,runnervmeorf1,0,205
1777063433795,22,POST_Create_Comment,200,OK,Scenario_Posts_Comments 1-9,true,158980,10,10,17,runnervmeorf1,0,205
1777063434019,18,POST_Create_Comment,200,OK,Scenario_Posts_Comments 1-10,true,158980,10,10,14,runnervmeorf1,0,205
1777063434136,21,GET_All_Posts,200,OK,Scenario_Posts_Comments 1-4,true,28742,10,10,20,runnervmeorf1,0,205
1777063434989,11,GET_All_Posts,200,OK,Scenario_Posts_Comments 1-5,true,28741,10,10,10,runnervmeorf1,0,205
1777063435408,12,GET_All_Posts,200,OK,Scenario_Posts_Comments 1-7,true,28741,10,10,11,runnervmeorf1,0,205
1777063435607,11,GET_Single_Post,200,OK,Scenario_Posts_Comments 1-1,true,1518,10,10,11,runnervmeorf1,0,205
1777063435754,14,GET_Single_Post,200,OK,Scenario_Posts_Comments 1-2,true,1518,10,10,14,runnervmeorf1,0,205
1777063435838,14,GET_All_Posts,200,OK,Scenario_Posts_Comments 1-8,true,28741,10,10,13,runnervmeorf1,0,205
1777063436037,12,GET_All_Posts,200,OK,Scenario_Posts_Comments 1-10,true,28741,10,10,11,runnervmeorf1,0,205
1777063436115,20,GET_All_Posts,200,OK,Scenario_Posts_Comments 1-6,true,28741,10,10,19,runnervmeorf1,0,205
1777063436199,15,GET_All_Posts,200,OK,Scenario_Posts_Comments 1-9,true,28741,10,10,14,runnervmeorf1,0,205
1777063436212,10,GET_Single_Post,200,OK,Scenario_Posts_Comments 1-3,true,1518,10,10,10,runnervmeorf1,0,205
1777063436651,10,GET_Single_Post,200,OK,Scenario_Posts_Comments 1-4,true,1518,10,10,10,runnervmeorf1,0,205
1777063437477,20,GET_Single_Post,200,OK,Scenario_Posts_Comments 1-7,true,1518,10,10,20,runnervmeorf1,0,205
1777063437699,10,GET_Single_Post,200,OK,Scenario_Posts_Comments 1-5,true,1518,10,10,10,runnervmeorf1,0,205
1777063438120,11,GET_Single_Post,200,OK,Scenario_Posts_Comments 1-10,true,1518,10,10,11,runnervmeorf1,0,205
1777063438308,15,GET_Single_Post,200,OK,Scenario_Posts_Comments 1-8,true,1518,10,10,15,runnervmeorf1,0,205
1777063438319,12,GET_Single_Post,200,OK,Scenario_Posts_Comments 1-9,true,1518,10,10,12,runnervmeorf1,0,205
1777063438336,12,GET_Single_Post,200,OK,Scenario_Posts_Comments 1-6,true,1518,10,10,12,runnervmeorf1,0,205
1777063438387,19,POST_Create_Comment,200,OK,Scenario_Posts_Comments 1-1,true,158980,10,10,14,runnervmeorf1,0,205
1777063438614,15,POST_Create_Comment,200,OK,Scenario_Posts_Comments 1-3,true,158995,9,9,12,runnervmeorf1,0,205
1777063438754,15,POST_Create_Comment,200,OK,Scenario_Posts_Comments 1-2,true,158980,8,8,12,runnervmeorf1,0,205
1777063439061,23,POST_Create_Comment,200,OK,Scenario_Posts_Comments 1-4,true,158982,7,7,20,runnervmeorf1,0,205
1777063439951,17,POST_Create_Comment,200,OK,Scenario_Posts_Comments 1-5,true,158980,6,6,13,runnervmeorf1,0,205
1777063440289,16,POST_Create_Comment,200,OK,Scenario_Posts_Comments 1-7,true,158980,5,5,12,runnervmeorf1,0,205
1777063440360,19,POST_Create_Comment,200,OK,Scenario_Posts_Comments 1-9,true,158980,4,4,16,runnervmeorf1,0,205
1777063440399,16,POST_Create_Comment,200,OK,Scenario_Posts_Comments 1-10,true,158980,3,3,13,runnervmeorf1,0,205
1777063440598,18,POST_Create_Comment,200,OK,Scenario_Posts_Comments 1-6,true,158980,2,2,16,runnervmeorf1,0,205
1777063440903,19,POST_Create_Comment,200,OK,Scenario_Posts_Comments 1-8,true,158980,1,1,16,runnervmeorf1,0,205
1777063444776,231,POST_User,201,Created,Posts_API_Tests 1-1,true,1340,1,1,228,runnervmeorf1,204,205
1777063448211,245,Update_Post,200,OK,Update_Test 1-1,false,1202,1,1,242,runnervmeorf1,217,205
1777063448643,40,Update_Post,200,OK,Update_Test 1-2,false,1202,1,1,40,runnervmeorf1,22,205
1777063452758,234,Get_all_Users,200,OK,Stress_Test 1-1,true,6862,1,1,230,runnervmeorf1,211,205
1777063454690,50,Get_all_Users,200,OK,Stress_Test 1-2,true,6863,1,1,49,runnervmeorf1,20,205
1777063456688,38,Get_all_Users,200,OK,Stress_Test 1-3,true,6862,1,1,37,runnervmeorf1,21,205
1777063458689,30,Get_all_Users,200,OK,Stress_Test 1-4,true,6862,1,1,29,runnervmeorf1,16,205
1777063460687,31,Get_all_Users,200,OK,Stress_Test 1-5,true,6862,1,1,31,runnervmeorf1,18,205
